Dependents,tenure,OnlineSecurity,OnlineBackup,InternetService,DeviceProtection,TechSupport,Contract,PaperlessBilling,MonthlyCharges,TotalCharged
No,45,No,No,Fiber optic,Yes,Yes,Month-to-month,Yes,87.25,3926.25
No,10,Yes,No,Fiber optic,No,No,Month-to-month,Yes,78.15,781.5
No,44,Yes,Yes,DSL,Yes,No,One year,Yes,61.5,2706.0
No,4,No,No,DSL,No,No,Month-to-month,No,55.5,222.0
Yes,61,No internet service,No internet service,No,No internet service,No internet service,Two year,Yes,25.0,1525.0
No,72,No internet service,No internet service,No,No internet service,No internet service,Two year,No,20.7,1490.3999999999999
No,4,Yes,Yes,DSL,No,No,Month-to-month,No,54.7,218.8
No,53,No,Yes,Fiber optic,No,No,One year,Yes,94.25,4995.25
Yes,30,No,Yes,DSL,Yes,Yes,Two year,No,80.8,2424.0
No,71,No internet service,No internet service,No,No internet service,No internet service,One year,No,20.85,1480.3500000000001
No,32,No internet service,No internet service,No,No internet service,No internet service,Month-to-month,No,19.4,620.8
No,63,Yes,No,Fiber optic,Yes,No,One year,Yes,81.15,5112.450000000001
No,2,No,No,DSL,No,No,Month-to-month,No,62.05,124.1
No,72,Yes,Yes,Fiber optic,Yes,No,Two year,Yes,109.65,7894.8
Yes,54,Yes,Yes,DSL,No,Yes,Two year,Yes,65.65,3545.1000000000004
No,8,No internet service,No internet service,No,No internet service,No internet service,Month-to-month,Yes,19.7,157.6
Yes,23,No,No,DSL,No,Yes,Month-to-month,Yes,30.35,698.0500000000001
No,2,No,No,DSL,No,No,Month-to-month,No,24.5,49.0
No,6,No,No,DSL,No,No,Month-to-month,Yes,44.4,266.4
Yes,23,No,Yes,DSL,No,Yes,Month-to-month,Yes,55.3,1271.8999999999999
No,11,No,No,DSL,No,No,Month-to-month,Yes,44.05,484.54999999999995
Yes,72,No internet service,No internet service,No,No internet service,No internet service,Two year,Yes,19.8,1425.6000000000001
No,1,No,No,Fiber optic,No,No,Month-to-month,Yes,69.65,69.65
No,62,No internet service,No internet service,No,No internet service,No internet service,Two year,Yes,19.2,1190.3999999999999
No,69,Yes,Yes,DSL,No,Yes,Two year,Yes,66.9,4616.1
No,8,Yes,No,DSL,No,Yes,Month-to-month,No,71.15,569.2
No,30,No,Yes,Fiber optic,Yes,No,Month-to-month,Yes,104.1,3123.0
No,3,No,No,Fiber optic,Yes,No,Month-to-month,Yes,101.55,304.65
No,36,No,No,Fiber optic,No,No,Month-to-month,Yes,95.4,3434.4
No,1,No,No,DSL,No,No,Month-to-month,Yes,55.0,55.0
No,3,No internet service,No internet service,No,No internet service,No internet service,Month-to-month,No,19.95,59.849999999999994
No,34,No,No,DSL,No,Yes,Month-to-month,No,65.0,2210.0
No,54,Yes,Yes,Fiber optic,Yes,No,Month-to-month,No,109.55,5915.7
No,37,Yes,No,DSL,Yes,Yes,One year,No,68.1,2519.7
No,2,No,No,DSL,No,No,Month-to-month,Yes,45.25,90.5
Yes,46,Yes,No,Fiber optic,Yes,Yes,Two year,No,99.65,4583.900000000001
No,47,Yes,Yes,DSL,Yes,No,Month-to-month,Yes,67.45,3170.15
No,14,Yes,No,DSL,No,Yes,One year,No,55.7,779.8000000000001
Yes,39,No,No,DSL,Yes,Yes,One year,No,54.85,2139.15
No,70,Yes,No,Fiber optic,No,No,Month-to-month,Yes,90.85,6359.5
No,7,No internet service,No internet service,No,No internet service,No internet service,Month-to-month,No,20.35,142.45000000000002
No,36,Yes,Yes,DSL,Yes,Yes,One year,No,85.85,3090.6
No,1,No internet service,No internet service,No,No internet service,No internet service,Month-to-month,Yes,19.75,19.75
No,4,No,Yes,Fiber optic,Yes,No,Month-to-month,Yes,99.8,399.2
Yes,45,No internet service,No internet service,No,No internet service,No internet service,One year,Yes,25.9,1165.5
No,27,No,Yes,Fiber optic,No,No,Month-to-month,Yes,76.1,2054.7
No,7,No,No,Fiber optic,Yes,No,Month-to-month,Yes,95.35,667.4499999999999
No,10,Yes,No,Fiber optic,No,No,Month-to-month,Yes,84.7,847.0
No,59,No,Yes,DSL,No,Yes,One year,Yes,80.1,4725.9
No,14,No,No,Fiber optic,No,No,Month-to-month,Yes,75.1,1051.3999999999999
No,68,Yes,Yes,DSL,Yes,No,One year,Yes,76.9,5229.200000000001
Yes,50,Yes,No,DSL,No,Yes,Two year,Yes,70.5,3525.0
No,63,Yes,Yes,Fiber optic,Yes,Yes,Two year,No,109.2,6879.6
No,1,No,No,Fiber optic,No,No,Month-to-month,No,76.0,76.0
No,17,Yes,Yes,Fiber optic,Yes,Yes,Month-to-month,Yes,106.65,1813.0500000000002
No,1,No,No,DSL,No,No,Month-to-month,No,44.15,44.15
No,3,No,No,DSL,No,Yes,Month-to-month,No,60.65,181.95
No,68,Yes,Yes,Fiber optic,Yes,No,One year,No,101.35,6891.799999999999
No,39,No,No,Fiber optic,No,No,Month-to-month,Yes,73.15,2852.8500000000004
No,19,No internet service,No internet service,No,No internet service,No internet service,One year,No,20.25,384.75
No,68,Yes,Yes,Fiber optic,Yes,Yes,Two year,No,114.9,7813.200000000001
No,65,No internet service,No internet service,No,No internet service,No internet service,Two year,Yes,20.4,1326.0
Yes,18,No internet service,No internet service,No,No internet service,No internet service,Two year,No,19.35,348.3
No,55,No,No,DSL,No,No,Month-to-month,No,51.65,2840.75
No,1,No,No,DSL,No,No,Month-to-month,No,45.15,45.15
Yes,67,No internet service,No internet service,No,No internet service,No internet service,Two year,Yes,24.9,1668.3
Yes,72,Yes,Yes,DSL,Yes,Yes,Two year,No,45.25,3258.0
No,72,No internet service,No internet service,No,No internet service,No internet service,Two year,Yes,26.0,1872.0
No,52,No,Yes,DSL,No,No,Month-to-month,Yes,49.15,2555.7999999999997
No,3,No,No,Fiber optic,No,No,Month-to-month,Yes,75.15,225.45000000000002
No,14,No,Yes,Fiber optic,No,Yes,Month-to-month,Yes,80.05,1120.7
Yes,42,No,No,Fiber optic,No,No,Month-to-month,Yes,77.95,3273.9
No,3,Yes,Yes,Fiber optic,No,No,Month-to-month,Yes,79.1,237.29999999999998
Yes,11,Yes,No,DSL,No,No,Month-to-month,Yes,29.6,325.6
No,2,No,No,Fiber optic,No,No,Month-to-month,No,69.75,139.5
No,38,Yes,Yes,Fiber optic,No,No,One year,Yes,104.85,3984.2999999999997
Yes,56,Yes,No,Fiber optic,No,No,One year,No,94.8,5308.8
No,32,Yes,Yes,DSL,No,Yes,One year,No,70.5,2256.0
No,1,No,No,Fiber optic,No,No,Month-to-month,Yes,69.2,69.2
No,67,Yes,Yes,Fiber optic,Yes,Yes,Two year,Yes,111.05,7440.349999999999
No,17,No,No,DSL,No,No,Month-to-month,No,25.1,426.70000000000005
No,6,No,No,Fiber optic,No,No,Month-to-month,Yes,89.5,537.0
No,30,No,No,DSL,Yes,No,Two year,No,74.85,2245.5
No,7,No,No,DSL,No,Yes,Month-to-month,Yes,70.75,495.25
No,11,No,No,Fiber optic,No,No,Month-to-month,Yes,78.5,863.5
No,1,No,No,DSL,No,No,Month-to-month,No,44.4,44.4
Yes,9,No,No,Fiber optic,Yes,No,Month-to-month,Yes,79.35,714.15
No,12,No,No,DSL,No,No,Month-to-month,No,45.9,550.8
No,72,Yes,Yes,Fiber optic,Yes,Yes,Two year,Yes,117.35,8449.199999999999
Yes,34,Yes,Yes,Fiber optic,No,No,One year,Yes,103.8,3529.2
No,6,No,No,Fiber optic,No,No,Month-to-month,Yes,75.5,453.0
No,1,No,No,DSL,No,No,Month-to-month,No,45.6,45.6
No,72,No,Yes,DSL,Yes,Yes,Two year,Yes,85.15,6130.8
No,33,No,Yes,DSL,Yes,No,Month-to-month,Yes,66.4,2191.2000000000003
No,12,Yes,No,Fiber optic,Yes,No,Month-to-month,No,81.7,980.4000000000001
Yes,72,Yes,Yes,DSL,Yes,Yes,Two year,Yes,64.8,4665.599999999999
No,1,No internet service,No internet service,No,No internet service,No internet service,Month-to-month,Yes,20.2,20.2
No,5,No,No,Fiber optic,No,Yes,Month-to-month,Yes,96.1,480.5
No,15,No,No,Fiber optic,No,No,Month-to-month,Yes,74.2,1113.0
Yes,8,Yes,No,DSL,No,No,Month-to-month,Yes,51.3,410.4
Yes,62,No internet service,No internet service,No,No internet service,No internet service,Two year,No,26.0,1612.0
No,64,No,Yes,Fiber optic,Yes,No,Two year,Yes,104.4,6681.6
No,8,Yes,No,DSL,No,Yes,Two year,No,65.5,524.0
No,1,No,No,DSL,No,No,Month-to-month,No,45.3,45.3
No,2,Yes,No,DSL,No,No,Month-to-month,Yes,62.15,124.3
No,29,No internet service,No internet service,No,No internet service,No internet service,One year,No,20.0,580.0
No,10,No,No,Fiber optic,No,No,Month-to-month,Yes,70.0,700.0
No,55,No internet service,No internet service,No,No internet service,No internet service,One year,No,19.7,1083.5
Yes,66,No,Yes,Fiber optic,Yes,Yes,One year,Yes,108.45,7157.7
No,1,No,No,DSL,Yes,No,Month-to-month,Yes,50.5,50.5
No,1,No,Yes,Fiber optic,No,No,Month-to-month,Yes,73.0,73.0
No,3,Yes,Yes,DSL,No,No,Month-to-month,Yes,35.45,106.35000000000001
Yes,1,No internet service,No internet service,No,No internet service,No internet service,Month-to-month,Yes,20.5,20.5
Yes,18,No,No,DSL,No,No,Month-to-month,Yes,45.65,821.6999999999999
No,24,Yes,No,DSL,No,Yes,Month-to-month,No,56.35,1352.4
No,71,Yes,Yes,DSL,Yes,Yes,Two year,No,80.6,5722.599999999999
No,56,Yes,Yes,Fiber optic,No,No,Month-to-month,Yes,106.6,5969.599999999999
No,17,No,No,Fiber optic,No,No,Month-to-month,No,81.5,1385.5
Yes,56,No,Yes,Fiber optic,Yes,Yes,One year,Yes,85.85,4807.599999999999
No,35,Yes,Yes,Fiber optic,Yes,Yes,Two year,Yes,113.2,3962.0
Yes,1,Yes,No,DSL,No,No,Month-to-month,No,49.9,49.9
No,56,Yes,Yes,DSL,Yes,Yes,One year,Yes,68.45,3833.2000000000003
Yes,43,No internet service,No internet service,No,No internet service,No internet service,One year,Yes,19.2,825.6
Yes,49,No internet service,No internet service,No,No internet service,No internet service,Two year,No,25.25,1237.25
No,35,Yes,Yes,DSL,Yes,No,Month-to-month,No,61.0,2135.0
No,60,Yes,Yes,Fiber optic,No,No,Month-to-month,Yes,94.1,5646.0
No,4,No,No,Fiber optic,No,No,Month-to-month,Yes,94.3,377.2
No,3,No,Yes,Fiber optic,Yes,No,Month-to-month,No,90.4,271.20000000000005
Yes,25,No,No,Fiber optic,No,Yes,Month-to-month,No,85.9,2147.5
No,7,No,No,Fiber optic,No,No,Month-to-month,Yes,75.35,527.4499999999999
No,64,No,Yes,DSL,No,Yes,One year,Yes,70.15,4489.6
No,46,No internet service,No internet service,No,No internet service,No internet service,Two year,No,19.95,917.6999999999999
No,3,No,No,DSL,No,No,Month-to-month,No,25.3,75.9
No,72,Yes,Yes,DSL,Yes,Yes,Two year,Yes,92.4,6652.8
No,8,Yes,Yes,DSL,Yes,No,Month-to-month,Yes,65.5,524.0
No,72,No,Yes,Fiber optic,Yes,No,Two year,Yes,104.8,7545.599999999999
Yes,11,No,No,Fiber optic,No,No,Month-to-month,No,90.6,996.5999999999999
No,1,No,No,DSL,No,No,Month-to-month,Yes,53.55,53.55
Yes,1,No,No,Fiber optic,No,No,Month-to-month,Yes,90.85,90.85
No,9,No,No,DSL,No,No,Month-to-month,No,44.95,404.55
No,14,No,No,Fiber optic,No,No,Month-to-month,No,90.45,1266.3
No,23,No internet service,No internet service,No,No internet service,No internet service,One year,Yes,19.65,451.95
No,72,No internet service,No internet service,No,No internet service,No internet service,Two year,Yes,25.0,1800.0
No,32,No,Yes,Fiber optic,Yes,No,Month-to-month,No,106.35,3403.2
Yes,6,No internet service,No internet service,No,No internet service,No internet service,Month-to-month,No,19.65,117.89999999999999
No,57,No,Yes,Fiber optic,Yes,No,Month-to-month,No,94.0,5358.0
No,23,No,Yes,Fiber optic,Yes,No,Month-to-month,Yes,106.4,2447.2000000000003
Yes,67,No,Yes,Fiber optic,No,No,Month-to-month,Yes,89.55,5999.849999999999
Yes,71,Yes,Yes,DSL,Yes,Yes,Two year,Yes,91.25,6478.75
Yes,57,No internet service,No internet service,No,No internet service,No internet service,Two year,No,20.75,1182.75
No,2,No,No,Fiber optic,No,No,Month-to-month,Yes,84.05,168.1
No,16,No,No,DSL,No,No,Month-to-month,Yes,63.05,1008.8
Yes,42,No,No,Fiber optic,Yes,No,Month-to-month,Yes,92.15,3870.3
No,41,No internet service,No internet service,No,No internet service,No internet service,One year,Yes,24.85,1018.85
No,8,No,Yes,Fiber optic,Yes,No,Month-to-month,Yes,94.0,752.0
No,1,No,No,DSL,No,No,Month-to-month,Yes,55.0,55.0
No,68,No,Yes,DSL,No,Yes,Two year,No,64.1,4358.799999999999
No,55,No,Yes,Fiber optic,Yes,No,Month-to-month,Yes,81.55,4485.25
No,50,No internet service,No internet service,No,No internet service,No internet service,One year,No,25.2,1260.0
No,65,No,Yes,Fiber optic,Yes,No,Month-to-month,Yes,104.35,6782.75
No,1,No,No,DSL,No,No,Month-to-month,Yes,59.85,59.85
Yes,65,Yes,Yes,DSL,No,No,Two year,Yes,69.55,4520.75
No,1,No internet service,No internet service,No,No internet service,No internet service,Month-to-month,No,20.9,20.9
Yes,65,No internet service,No internet service,No,No internet service,No internet service,Two year,Yes,19.85,1290.25
No,25,No,No,Fiber optic,No,No,Month-to-month,No,69.75,1743.75
No,72,Yes,No,Fiber optic,Yes,Yes,Two year,Yes,109.75,7902.0
No,11,No,No,Fiber optic,No,No,Month-to-month,Yes,94.0,1034.0
No,16,No,No,Fiber optic,No,No,Month-to-month,Yes,86.6,1385.6
Yes,40,Yes,No,DSL,No,Yes,Month-to-month,Yes,64.1,2564.0
No,61,Yes,Yes,Fiber optic,Yes,Yes,Month-to-month,Yes,94.2,5746.2
Yes,72,Yes,Yes,DSL,Yes,Yes,Two year,No,81.0,5832.0
No,20,No,No,Fiber optic,No,No,Month-to-month,Yes,89.0,1780.0
Yes,62,No internet service,No internet service,No,No internet service,No internet service,Two year,Yes,24.25,1503.5
No,1,No,Yes,Fiber optic,No,No,Month-to-month,Yes,80.2,80.2
Yes,12,No,No,DSL,No,No,Month-to-month,Yes,56.3,675.5999999999999
Yes,72,No internet service,No internet service,No,No internet service,No internet service,Two year,No,19.4,1396.8
Yes,53,No,No,DSL,Yes,Yes,One year,Yes,78.75,4173.75
No,8,No internet service,No internet service,No,No internet service,No internet service,One year,Yes,19.2,153.6
No,1,No,No,Fiber optic,No,No,Month-to-month,Yes,69.6,69.6
Yes,14,No,No,Fiber optic,No,No,Month-to-month,Yes,84.8,1187.2
Yes,9,No internet service,No internet service,No,No internet service,No internet service,One year,No,20.25,182.25
No,42,No,No,DSL,Yes,No,Month-to-month,No,55.65,2337.2999999999997
No,61,No,Yes,Fiber optic,No,Yes,One year,Yes,85.55,5218.55
No,20,Yes,No,DSL,No,Yes,Month-to-month,No,59.2,1184.0
No,72,Yes,Yes,Fiber optic,Yes,Yes,One year,Yes,117.8,8481.6
Yes,44,No internet service,No internet service,No,No internet service,No internet service,One year,No,25.7,1130.8
No,35,No,No,DSL,Yes,No,Month-to-month,No,49.2,1722.0
Yes,45,No internet service,No internet service,No,No internet service,No internet service,Two year,No,20.35,915.7500000000001
No,39,Yes,Yes,Fiber optic,No,No,One year,No,99.1,3864.8999999999996
No,15,No,Yes,Fiber optic,No,No,Month-to-month,No,89.85,1347.75
No,23,No,Yes,Fiber optic,No,No,Month-to-month,Yes,94.75,2179.25
No,15,No,Yes,Fiber optic,No,No,Month-to-month,Yes,100.15,1502.25
Yes,72,Yes,Yes,DSL,Yes,Yes,Two year,No,65.7,4730.400000000001
No,32,No,Yes,DSL,No,No,Month-to-month,Yes,54.2,1734.4
No,22,Yes,Yes,DSL,No,No,Month-to-month,No,59.0,1298.0
No,8,No,Yes,DSL,No,No,Month-to-month,Yes,29.25,234.0
No,66,Yes,Yes,DSL,Yes,Yes,Two year,No,68.75,4537.5
Yes,72,Yes,Yes,Fiber optic,Yes,No,Two year,No,109.7,7898.400000000001
Yes,47,No,Yes,Fiber optic,No,No,One year,Yes,84.95,3992.65
Yes,17,Yes,No,DSL,No,No,Month-to-month,Yes,50.3,855.0999999999999
No,18,Yes,No,DSL,Yes,Yes,Month-to-month,Yes,68.35,1230.3
No,2,No,No,Fiber optic,No,No,Month-to-month,Yes,93.85,187.7
No,34,Yes,Yes,DSL,No,No,One year,No,55.0,1870.0
No,71,Yes,Yes,DSL,Yes,Yes,Two year,No,80.4,5708.400000000001
No,26,No,No,DSL,No,No,One year,Yes,51.55,1340.3
No,2,No,No,Fiber optic,Yes,No,Month-to-month,No,94.95,189.9
Yes,1,Yes,No,Fiber optic,No,No,Month-to-month,Yes,73.6,73.6
No,17,No internet service,No internet service,No,No internet service,No internet service,One year,No,20.15,342.54999999999995
Yes,7,No internet service,No internet service,No,No internet service,No internet service,One year,No,20.65,144.54999999999998
No,1,No internet service,No internet service,No,No internet service,No internet service,Month-to-month,No,20.5,20.5
No,38,Yes,No,Fiber optic,No,No,Month-to-month,Yes,83.45,3171.1
No,54,Yes,Yes,Fiber optic,No,Yes,One year,Yes,105.4,5691.6
No,16,No,No,DSL,No,Yes,Month-to-month,No,59.4,950.4
No,15,No,Yes,DSL,No,No,Month-to-month,No,48.85,732.75
No,5,No internet service,No internet service,No,No internet service,No internet service,Month-to-month,No,19.95,99.75
No,13,No,No,Fiber optic,No,No,Month-to-month,Yes,70.15,911.95
No,69,No internet service,No internet service,No,No internet service,No internet service,One year,Yes,26.3,1814.7
No,46,Yes,No,Fiber optic,No,No,Month-to-month,No,85.0,3910.0
No,5,No,No,Fiber optic,No,No,Month-to-month,Yes,93.9,469.5
No,30,No,Yes,DSL,Yes,No,One year,Yes,68.95,2068.5
No,5,No,No,Fiber optic,No,No,Month-to-month,No,75.55,377.75
No,16,No,No,Fiber optic,Yes,No,Month-to-month,Yes,98.75,1580.0
No,9,No,No,Fiber optic,No,No,Month-to-month,Yes,94.75,852.75
No,23,No,No,DSL,No,No,One year,Yes,64.9,1492.7
No,34,No,Yes,Fiber optic,No,Yes,Month-to-month,Yes,105.35,3581.8999999999996
No,12,No,No,DSL,No,No,Month-to-month,Yes,45.4,544.8
Yes,72,Yes,Yes,DSL,Yes,Yes,Two year,Yes,65.1,4687.2
No,29,Yes,No,DSL,Yes,No,Month-to-month,Yes,45.0,1305.0
No,1,No,No,Fiber optic,No,No,Month-to-month,Yes,91.3,91.3
No,56,Yes,Yes,Fiber optic,Yes,No,One year,No,110.5,6188.0
No,72,No,Yes,Fiber optic,Yes,Yes,One year,No,109.15,7858.8
No,60,No,Yes,DSL,Yes,Yes,One year,Yes,70.15,4209.0
Yes,66,No internet service,No internet service,No,No internet service,No internet service,Two year,No,20.55,1356.3
No,3,No,Yes,Fiber optic,Yes,No,Month-to-month,Yes,105.0,315.0
No,37,No,No,Fiber optic,No,No,Month-to-month,Yes,76.25,2821.25
No,6,No internet service,No internet service,No,No internet service,No internet service,One year,No,25.1,150.60000000000002
No,21,No,No,DSL,No,No,Month-to-month,No,54.6,1146.6000000000001
Yes,64,Yes,No,DSL,No,Yes,One year,No,65.8,4211.2
No,60,No internet service,No internet service,No,No internet service,No internet service,One year,No,24.15,1449.0
No,67,No internet service,No internet service,No,No internet service,No internet service,One year,Yes,20.85,1396.95
No,60,Yes,Yes,DSL,No,Yes,Two year,Yes,61.35,3681.0
No,23,Yes,No,DSL,No,No,Month-to-month,Yes,59.95,1378.8500000000001
No,31,No,Yes,Fiber optic,Yes,No,Month-to-month,No,93.8,2907.7999999999997
No,1,No,No,Fiber optic,No,No,Month-to-month,Yes,70.15,70.15
No,71,Yes,Yes,Fiber optic,Yes,Yes,Two year,Yes,116.1,8243.1
No,18,No,No,Fiber optic,Yes,No,Month-to-month,Yes,84.95,1529.1000000000001
No,60,No,Yes,Fiber optic,No,No,Month-to-month,Yes,89.9,5394.0
No,14,No,No,Fiber optic,No,No,Month-to-month,Yes,89.8,1257.2
No,57,Yes,Yes,Fiber optic,No,Yes,Month-to-month,Yes,87.55,4990.349999999999
No,6,No,No,Fiber optic,No,No,Month-to-month,Yes,91.1,546.5999999999999
Yes,56,Yes,Yes,Fiber optic,Yes,Yes,Two year,No,115.85,6487.599999999999
No,1,No,No,Fiber optic,No,No,Month-to-month,Yes,89.9,89.9
No,20,No,No,Fiber optic,Yes,No,Month-to-month,Yes,90.7,1814.0
No,22,Yes,No,DSL,No,No,Month-to-month,Yes,54.45,1197.9
Yes,12,No,No,Fiber optic,No,No,Month-to-month,Yes,84.05,1008.5999999999999
Yes,48,Yes,Yes,DSL,No,Yes,Two year,No,39.4,1891.1999999999998
No,2,No internet service,No internet service,No,No internet service,No internet service,Month-to-month,No,20.75,41.5
Yes,49,No,Yes,Fiber optic,Yes,No,One year,Yes,93.65,4588.85
No,47,Yes,No,Fiber optic,No,No,Month-to-month,No,80.35,3776.45
No,2,No,Yes,Fiber optic,Yes,No,Month-to-month,No,79.7,159.4
No,22,Yes,No,Fiber optic,No,No,Month-to-month,Yes,101.35,2229.7
No,55,No,Yes,Fiber optic,Yes,No,Month-to-month,Yes,94.45,5194.75
No,72,Yes,Yes,Fiber optic,Yes,No,Two year,Yes,109.55,7887.599999999999
No,2,No,No,Fiber optic,Yes,No,Month-to-month,Yes,74.2,148.4
No,32,No,Yes,DSL,No,Yes,Month-to-month,No,54.65,1748.8
Yes,72,Yes,Yes,Fiber optic,Yes,Yes,Two year,Yes,117.6,8467.199999999999
No,71,No internet service,No internet service,No,No internet service,No internet service,Two year,Yes,24.5,1739.5
Yes,30,No,Yes,Fiber optic,No,Yes,Month-to-month,Yes,83.55,2506.5
Yes,19,No,No,DSL,No,No,Month-to-month,Yes,25.35,481.65000000000003
No,57,Yes,Yes,DSL,Yes,No,Month-to-month,Yes,58.75,3348.75
No,55,Yes,Yes,DSL,No,Yes,Two year,No,56.8,3124.0
No,10,No internet service,No internet service,No,No internet service,No internet service,One year,No,19.6,196.0
No,62,No,No,Fiber optic,Yes,No,One year,Yes,96.75,5998.5
No,30,No internet service,No internet service,No,No internet service,No internet service,One year,No,20.7,621.0
No,24,No,Yes,Fiber optic,No,No,Month-to-month,Yes,90.55,2173.2
Yes,49,No,No,Fiber optic,No,Yes,One year,Yes,100.6,4929.4
Yes,52,No internet service,No internet service,No,No internet service,No internet service,Two year,No,25.75,1339.0
Yes,11,Yes,No,DSL,No,Yes,One year,Yes,36.05,396.54999999999995
No,37,Yes,No,DSL,No,No,One year,No,64.65,2392.05
Yes,64,No internet service,No internet service,No,No internet service,No internet service,One year,No,24.9,1593.6
No,69,Yes,Yes,Fiber optic,Yes,No,Two year,Yes,110.05,7593.45
No,2,No,No,Fiber optic,No,No,Month-to-month,No,70.7,141.4
Yes,8,No,No,DSL,No,No,Month-to-month,Yes,45.45,363.6
No,45,No,Yes,Fiber optic,No,No,Month-to-month,Yes,89.3,4018.5
Yes,69,Yes,No,DSL,Yes,Yes,Two year,No,39.1,2697.9
No,68,No,Yes,DSL,Yes,Yes,One year,Yes,60.65,4124.2
No,65,Yes,Yes,DSL,No,Yes,Two year,Yes,59.6,3874.0
No,4,No,No,Fiber optic,Yes,No,Month-to-month,Yes,88.85,355.4
No,26,Yes,Yes,DSL,Yes,Yes,One year,Yes,90.1,2342.6
No,4,No,No,DSL,No,No,Month-to-month,Yes,45.9,183.6
No,2,Yes,Yes,Fiber optic,No,No,Month-to-month,No,90.35,180.7
No,70,No,Yes,Fiber optic,Yes,Yes,One year,Yes,90.25,6317.5
No,35,Yes,No,DSL,Yes,No,One year,No,53.15,1860.25
Yes,70,No,Yes,Fiber optic,Yes,Yes,Two year,Yes,110.2,7714.0
No,66,Yes,Yes,DSL,Yes,No,Two year,Yes,66.1,4362.599999999999
No,8,No internet service,No internet service,No,No internet service,No internet service,Month-to-month,No,20.15,161.2
No,63,No,No,Fiber optic,No,Yes,One year,Yes,81.2,5115.6
No,5,No,Yes,Fiber optic,Yes,No,Month-to-month,No,105.3,526.5
Yes,11,No,No,DSL,No,Yes,Month-to-month,Yes,66.35,729.8499999999999
Yes,66,Yes,No,DSL,Yes,Yes,Two year,Yes,84.0,5544.0
No,32,Yes,No,DSL,No,No,One year,No,74.75,2392.0
No,72,Yes,Yes,DSL,Yes,Yes,Two year,No,78.45,5648.400000000001
No,15,No,Yes,DSL,No,Yes,Month-to-month,Yes,58.6,879.0
No,42,Yes,Yes,Fiber optic,Yes,No,One year,Yes,99.0,4158.0
No,15,No,Yes,Fiber optic,No,No,Month-to-month,Yes,94.65,1419.75
Yes,39,No,No,Fiber optic,No,Yes,Month-to-month,Yes,99.95,3898.05
No,1,Yes,No,DSL,No,No,Month-to-month,Yes,48.6,48.6
Yes,39,No internet service,No internet service,No,No internet service,No internet service,Two year,No,25.0,975.0
Yes,2,No internet service,No internet service,No,No internet service,No internet service,One year,No,20.2,40.4
No,30,No,No,Fiber optic,No,Yes,Month-to-month,Yes,101.5,3045.0
No,1,No,Yes,DSL,No,No,Month-to-month,No,29.95,29.95
No,16,No,No,Fiber optic,No,No,Month-to-month,Yes,74.75,1196.0
No,55,No,Yes,Fiber optic,Yes,No,Month-to-month,Yes,85.45,4699.75
No,48,Yes,No,Fiber optic,No,Yes,Month-to-month,Yes,95.4,4579.200000000001
No,1,No,No,Fiber optic,No,No,Month-to-month,Yes,90.55,90.55
Yes,24,Yes,No,DSL,No,Yes,Two year,No,35.75,858.0
No,6,Yes,No,Fiber optic,No,No,Month-to-month,Yes,85.15,510.90000000000003
No,45,No,No,DSL,Yes,No,Month-to-month,Yes,50.25,2261.25
No,40,No,Yes,DSL,No,No,Month-to-month,Yes,39.3,1572.0
No,10,No,No,Fiber optic,No,Yes,Month-to-month,Yes,95.1,951.0
Yes,49,No internet service,No internet service,No,No internet service,No internet service,Two year,No,20.45,1002.05
Yes,62,No,Yes,Fiber optic,Yes,Yes,One year,Yes,110.8,6869.599999999999
No,72,No internet service,No internet service,No,No internet service,No internet service,Two year,Yes,25.7,1850.3999999999999
No,53,No internet service,No internet service,No,No internet service,No internet service,Two year,No,19.65,1041.4499999999998
Yes,15,No,Yes,Fiber optic,No,No,Month-to-month,Yes,91.0,1365.0
No,1,No internet service,No internet service,No,No internet service,No internet service,Month-to-month,No,20.3,20.3
No,1,No internet service,No internet service,No,No internet service,No internet service,Month-to-month,Yes,19.85,19.85
No,64,Yes,Yes,DSL,Yes,Yes,Two year,Yes,74.35,4758.4
Yes,31,No,Yes,DSL,No,Yes,Two year,No,80.55,2497.0499999999997
No,31,No,Yes,Fiber optic,No,No,Month-to-month,Yes,99.95,3098.4500000000003
Yes,72,Yes,No,DSL,Yes,Yes,Two year,Yes,80.8,5817.599999999999
No,72,No internet service,No internet service,No,No internet service,No internet service,Two year,No,25.85,1861.2
No,29,Yes,Yes,Fiber optic,No,No,Month-to-month,Yes,84.45,2449.05
Yes,24,Yes,No,DSL,No,No,One year,No,74.8,1795.1999999999998
No,3,No,No,DSL,No,No,Month-to-month,Yes,60.25,180.75
No,22,Yes,Yes,Fiber optic,No,Yes,Month-to-month,Yes,104.6,2301.2
Yes,19,No internet service,No internet service,No,No internet service,No internet service,Two year,No,20.15,382.84999999999997
Yes,51,No internet service,No internet service,No,No internet service,No internet service,Two year,Yes,24.95,1272.45
No,3,No,No,Fiber optic,No,No,Month-to-month,Yes,74.25,222.75
No,17,No,No,Fiber optic,No,No,Month-to-month,Yes,94.8,1611.6
No,51,No,Yes,Fiber optic,No,No,One year,Yes,79.6,4059.6
Yes,46,No internet service,No internet service,No,No internet service,No internet service,Two year,Yes,19.25,885.5
Yes,72,Yes,Yes,DSL,Yes,Yes,Two year,No,89.75,6462.0
No,14,No internet service,No internet service,No,No internet service,No internet service,Month-to-month,No,19.9,278.59999999999997
No,1,No internet service,No internet service,No,No internet service,No internet service,Month-to-month,No,20.95,20.95
No,21,No,Yes,Fiber optic,Yes,No,Month-to-month,Yes,90.05,1891.05
No,7,No,No,Fiber optic,No,No,Month-to-month,Yes,79.0,553.0
Yes,6,No internet service,No internet service,No,No internet service,No internet service,One year,No,19.45,116.69999999999999
No,21,No,Yes,Fiber optic,No,Yes,Month-to-month,Yes,99.15,2082.15
No,41,No,Yes,Fiber optic,No,No,Month-to-month,Yes,94.55,3876.5499999999997
No,11,No,No,Fiber optic,Yes,No,Month-to-month,Yes,100.75,1108.25
No,57,No,No,DSL,Yes,Yes,One year,Yes,53.5,3049.5
Yes,61,Yes,No,DSL,Yes,No,Month-to-month,No,33.6,2049.6
No,1,No,No,DSL,No,No,Month-to-month,Yes,50.15,50.15
No,47,Yes,No,DSL,Yes,Yes,Two year,Yes,65.0,3055.0
No,3,No,No,DSL,No,No,Month-to-month,No,24.75,74.25
No,1,No,No,DSL,No,No,Month-to-month,No,50.55,50.55
Yes,18,No internet service,No internet service,No,No internet service,No internet service,One year,No,19.8,356.40000000000003
No,31,Yes,Yes,DSL,Yes,Yes,One year,Yes,75.5,2340.5
No,3,No,No,DSL,No,No,Month-to-month,Yes,46.1,138.3
No,29,No internet service,No internet service,No,No internet service,No internet service,Two year,Yes,19.55,566.95
No,7,Yes,Yes,DSL,No,Yes,Month-to-month,No,64.2,449.40000000000003
No,70,No,Yes,DSL,Yes,Yes,Two year,Yes,75.5,5285.0
Yes,14,No internet service,No internet service,No,No internet service,No internet service,Two year,Yes,19.7,275.8
No,12,No,No,DSL,Yes,No,Month-to-month,Yes,49.85,598.2
Yes,36,Yes,No,Fiber optic,Yes,No,Month-to-month,Yes,104.5,3762.0
No,68,Yes,Yes,Fiber optic,No,Yes,Month-to-month,Yes,107.7,7323.6
No,11,No,Yes,DSL,No,No,Month-to-month,No,51.1,562.1
Yes,24,Yes,Yes,DSL,Yes,No,One year,No,57.6,1382.4
No,26,No,Yes,Fiber optic,Yes,No,Month-to-month,No,89.8,2334.7999999999997
No,68,Yes,Yes,Fiber optic,Yes,Yes,One year,Yes,117.2,7969.6
No,48,No internet service,No internet service,No,No internet service,No internet service,One year,No,25.05,1202.4
Yes,55,Yes,Yes,DSL,No,No,Month-to-month,No,55.7,3063.5
No,1,No,Yes,DSL,No,Yes,Month-to-month,No,60.1,60.1
Yes,61,No,Yes,DSL,Yes,Yes,Two year,Yes,61.45,3748.4500000000003
Yes,47,Yes,Yes,DSL,No,Yes,Two year,Yes,85.3,4009.1
No,17,Yes,Yes,DSL,No,Yes,One year,No,79.85,1357.4499999999998
Yes,32,Yes,Yes,DSL,No,Yes,Month-to-month,No,61.4,1964.8
No,3,No,Yes,Fiber optic,No,No,Month-to-month,Yes,79.4,238.20000000000002
No,10,No,No,Fiber optic,No,Yes,Month-to-month,Yes,98.5,985.0
No,1,No,No,Fiber optic,No,No,Month-to-month,Yes,79.55,79.55
Yes,62,Yes,Yes,Fiber optic,No,No,One year,Yes,81.45,5049.900000000001
Yes,11,No,No,Fiber optic,No,No,Month-to-month,Yes,79.5,874.5
No,2,No internet service,No internet service,No,No internet service,No internet service,Month-to-month,No,19.75,39.5
No,70,Yes,Yes,DSL,Yes,Yes,Two year,No,64.55,4518.5
No,53,No,No,Fiber optic,No,Yes,One year,Yes,91.15,4830.950000000001
No,65,Yes,Yes,DSL,Yes,No,One year,No,67.05,4358.25
Yes,37,Yes,Yes,DSL,Yes,No,Month-to-month,No,40.2,1487.4
Yes,71,Yes,Yes,DSL,No,Yes,Two year,No,58.65,4164.15
No,71,No,Yes,Fiber optic,Yes,No,Two year,No,89.45,6350.95
No,12,Yes,No,DSL,Yes,No,One year,No,78.85,946.1999999999999
Yes,1,Yes,No,DSL,No,No,Month-to-month,No,51.2,51.2
No,57,No,No,Fiber optic,No,No,One year,Yes,86.9,4953.3
No,67,Yes,Yes,DSL,No,Yes,Two year,Yes,64.55,4324.849999999999
No,1,No,No,DSL,No,No,Month-to-month,No,45.1,45.1
Yes,35,No internet service,No internet service,No,No internet service,No internet service,Two year,No,20.1,703.5
No,67,No,No,DSL,No,Yes,Two year,No,50.55,3386.85
No,18,Yes,No,Fiber optic,No,No,Month-to-month,Yes,96.05,1728.8999999999999
No,66,Yes,Yes,DSL,Yes,No,Two year,Yes,74.6,4923.599999999999
Yes,29,No,No,DSL,Yes,Yes,Two year,No,75.55,2190.95
No,18,No internet service,No internet service,No,No internet service,No internet service,One year,No,20.35,366.3
Yes,22,No,No,Fiber optic,No,No,Month-to-month,Yes,84.75,1864.5
No,46,No,No,DSL,No,No,Month-to-month,Yes,45.2,2079.2000000000003
No,42,Yes,No,DSL,No,No,One year,No,56.1,2356.2000000000003
No,3,No,No,DSL,No,Yes,Month-to-month,Yes,50.25,150.75
No,14,No internet service,No internet service,No,No internet service,No internet service,One year,No,20.4,285.59999999999997
Yes,13,No,No,DSL,No,No,One year,Yes,64.75,841.75
No,72,Yes,Yes,DSL,Yes,Yes,Two year,No,69.65,5014.8
Yes,57,Yes,No,DSL,No,No,One year,Yes,70.1,3995.7
No,1,No,Yes,Fiber optic,No,No,Month-to-month,Yes,79.15,79.15
No,4,No,No,DSL,No,No,Month-to-month,No,45.65,182.6
No,46,No internet service,No internet service,No,No internet service,No internet service,Two year,Yes,21.1,970.6
No,6,No,Yes,Fiber optic,No,No,Month-to-month,Yes,84.2,505.20000000000005
No,69,Yes,Yes,Fiber optic,Yes,Yes,Two year,Yes,112.55,7765.95
No,72,No,Yes,Fiber optic,Yes,Yes,Two year,No,109.7,7898.400000000001
No,69,No internet service,No internet service,No,No internet service,No internet service,Two year,Yes,24.95,1721.55
No,22,Yes,No,DSL,No,Yes,Month-to-month,Yes,79.2,1742.4
No,28,No internet service,No internet service,No,No internet service,No internet service,Month-to-month,No,20.5,574.0
No,4,No internet service,No internet service,No,No internet service,No internet service,Month-to-month,Yes,20.7,82.8
No,1,No,No,DSL,Yes,No,Month-to-month,Yes,49.65,49.65
No,11,Yes,No,DSL,No,No,Month-to-month,No,48.55,534.05
No,9,No,Yes,Fiber optic,No,No,Month-to-month,Yes,99.3,893.6999999999999
No,71,No,No,Fiber optic,Yes,No,One year,Yes,98.65,7004.150000000001
No,13,No,Yes,DSL,No,No,Month-to-month,Yes,31.05,403.65000000000003
No,15,No internet service,No internet service,No,No internet service,No internet service,Month-to-month,Yes,25.4,381.0
No,43,No,Yes,Fiber optic,No,Yes,Month-to-month,Yes,94.3,4054.9
No,42,No,No,Fiber optic,No,No,Month-to-month,Yes,84.65,3555.3
Yes,71,Yes,Yes,Fiber optic,No,No,One year,Yes,85.45,6066.95
Yes,44,No internet service,No internet service,No,No internet service,No internet service,Two year,No,19.55,860.2
No,9,No,No,DSL,Yes,No,Month-to-month,Yes,48.75,438.75
No,56,No,Yes,Fiber optic,Yes,No,One year,Yes,106.8,5980.8
No,24,Yes,No,DSL,No,No,One year,Yes,50.6,1214.4
No,41,No,No,DSL,Yes,No,One year,Yes,73.0,2993.0
Yes,24,Yes,No,DSL,No,No,Month-to-month,No,54.75,1314.0
No,27,No,No,Fiber optic,No,No,Month-to-month,Yes,70.55,1904.85
No,17,No,Yes,Fiber optic,No,No,Month-to-month,Yes,80.5,1368.5
Yes,2,No,No,Fiber optic,No,No,Month-to-month,Yes,89.55,179.1
Yes,54,Yes,No,DSL,No,Yes,Two year,No,60.0,3240.0
No,17,No,No,Fiber optic,No,No,Month-to-month,Yes,70.4,1196.8000000000002
No,72,Yes,Yes,DSL,No,Yes,Two year,Yes,86.4,6220.8
No,17,No internet service,No internet service,No,No internet service,No internet service,Two year,No,19.15,325.54999999999995
No,17,No,Yes,Fiber optic,Yes,No,Month-to-month,Yes,102.55,1743.35
No,72,Yes,Yes,Fiber optic,Yes,Yes,Two year,Yes,116.95,8420.4
Yes,25,No,Yes,Fiber optic,No,No,Month-to-month,Yes,95.9,2397.5
No,3,No,No,DSL,No,No,Month-to-month,No,25.0,75.0
No,2,No internet service,No internet service,No,No internet service,No internet service,Month-to-month,Yes,20.05,40.1
No,21,No,No,Fiber optic,No,No,Month-to-month,Yes,68.65,1441.65
No,29,No,No,Fiber optic,No,No,Month-to-month,Yes,94.45,2739.05
Yes,60,Yes,Yes,Fiber optic,Yes,Yes,Two year,No,115.25,6915.0
Yes,68,No,Yes,Fiber optic,No,Yes,Two year,Yes,103.75,7055.0
No,1,No,No,DSL,No,No,Month-to-month,Yes,44.3,44.3
No,68,No,Yes,Fiber optic,Yes,No,One year,No,86.45,5878.6
Yes,72,No,No,DSL,Yes,No,Two year,Yes,76.8,5529.599999999999
Yes,70,Yes,Yes,DSL,Yes,Yes,One year,No,78.35,5484.5
No,14,Yes,Yes,Fiber optic,No,Yes,One year,No,105.95,1483.3
No,2,No internet service,No internet service,No,No internet service,No internet service,Month-to-month,No,19.4,38.8
No,1,No internet service,No internet service,No,No internet service,No internet service,Month-to-month,No,19.55,19.55
No,28,No,Yes,DSL,No,Yes,Month-to-month,No,54.65,1530.2
No,11,Yes,Yes,DSL,No,No,Month-to-month,No,60.25,662.75
No,13,No,Yes,Fiber optic,Yes,No,Month-to-month,Yes,81.15,1054.95
Yes,12,No internet service,No internet service,No,No internet service,No internet service,Two year,No,19.7,236.39999999999998
No,39,No,No,Fiber optic,Yes,Yes,Two year,Yes,80.45,3137.55
Yes,1,No,No,DSL,No,No,Month-to-month,Yes,25.3,25.3
No,10,No internet service,No internet service,No,No internet service,No internet service,Month-to-month,Yes,24.5,245.0
Yes,21,No,Yes,Fiber optic,No,No,Month-to-month,Yes,74.05,1555.05
Yes,23,Yes,Yes,DSL,Yes,Yes,One year,Yes,66.25,1523.75
No,18,Yes,Yes,DSL,No,Yes,One year,Yes,40.2,723.6
No,46,Yes,Yes,Fiber optic,Yes,No,One year,Yes,95.65,4399.900000000001
Yes,54,Yes,Yes,DSL,Yes,Yes,Two year,No,91.3,4930.2
No,72,Yes,No,Fiber optic,Yes,Yes,Two year,Yes,98.2,7070.400000000001
No,34,No,No,Fiber optic,No,No,Month-to-month,Yes,70.0,2380.0
No,4,No internet service,No internet service,No,No internet service,No internet service,Month-to-month,No,19.6,78.4
No,5,No,Yes,Fiber optic,No,No,Month-to-month,Yes,90.8,454.0
No,24,No,No,Fiber optic,No,No,Month-to-month,Yes,90.35,2168.3999999999996
No,16,No,No,Fiber optic,No,No,Month-to-month,Yes,73.85,1181.6
Yes,34,No,No,Fiber optic,Yes,No,Month-to-month,No,87.45,2973.3
Yes,41,Yes,No,DSL,Yes,No,One year,No,35.4,1451.3999999999999
No,22,No internet service,No internet service,No,No internet service,No internet service,Two year,No,26.25,577.5
No,16,No,No,Fiber optic,No,No,Month-to-month,Yes,84.75,1356.0
No,31,No,No,Fiber optic,No,Yes,One year,No,81.7,2532.7000000000003
No,14,Yes,No,DSL,No,No,Month-to-month,Yes,64.7,905.8000000000001
No,67,Yes,No,DSL,Yes,Yes,Two year,Yes,85.25,5711.75
No,1,No internet service,No internet service,No,No internet service,No internet service,Month-to-month,No,20.05,20.05
No,38,Yes,Yes,DSL,Yes,No,Month-to-month,Yes,66.15,2513.7000000000003
Yes,66,No,Yes,DSL,Yes,Yes,Two year,Yes,79.5,5247.0
No,59,No,Yes,Fiber optic,No,No,Two year,Yes,79.2,4672.8
No,26,No internet service,No internet service,No,No internet service,No internet service,One year,Yes,19.6,509.6
Yes,1,No,No,Fiber optic,No,No,Month-to-month,Yes,70.45,70.45
Yes,40,No internet service,No internet service,No,No internet service,No internet service,Two year,Yes,24.8,992.0
No,53,No,Yes,Fiber optic,No,No,Month-to-month,Yes,98.4,5215.200000000001
No,56,Yes,Yes,Fiber optic,Yes,No,One year,Yes,93.15,5216.400000000001
No,3,No internet service,No internet service,No,No internet service,No internet service,One year,No,20.25,60.75
No,64,No,Yes,Fiber optic,Yes,Yes,One year,Yes,102.45,6556.8
No,47,No internet service,No internet service,No,No internet service,No internet service,One year,No,26.9,1264.3
No,2,No,No,DSL,No,No,Month-to-month,Yes,35.1,70.2
No,1,No,No,DSL,No,No,Month-to-month,Yes,45.7,45.7
Yes,43,Yes,No,DSL,Yes,No,Two year,No,75.2,3233.6
No,65,No,Yes,Fiber optic,Yes,Yes,Two year,Yes,105.85,6880.25
Yes,47,No internet service,No internet service,No,No internet service,No internet service,One year,No,20.05,942.35
No,48,Yes,No,DSL,Yes,No,Month-to-month,Yes,45.3,2174.3999999999996
Yes,10,No,No,Fiber optic,No,No,Month-to-month,No,95.2,952.0
No,53,No internet service,No internet service,No,No internet service,No internet service,Two year,No,24.6,1303.8000000000002
Yes,7,No,Yes,Fiber optic,No,Yes,Month-to-month,Yes,89.75,628.25
No,3,No,No,DSL,No,No,Month-to-month,No,45.45,136.35000000000002
No,6,No,No,Fiber optic,No,No,Month-to-month,Yes,69.1,414.59999999999997
No,19,Yes,Yes,Fiber optic,No,No,Month-to-month,Yes,95.15,1807.8500000000001
No,15,Yes,No,Fiber optic,Yes,Yes,Month-to-month,No,105.1,1576.5
No,20,No internet service,No internet service,No,No internet service,No internet service,Month-to-month,Yes,19.6,392.0
Yes,20,Yes,No,DSL,Yes,Yes,Two year,Yes,39.4,788.0
No,26,Yes,No,DSL,No,Yes,One year,No,54.55,1418.3
No,72,Yes,Yes,DSL,No,Yes,Two year,Yes,79.35,5713.2
No,16,No,No,Fiber optic,Yes,No,Month-to-month,Yes,88.45,1415.2
No,37,No,No,Fiber optic,No,No,Month-to-month,Yes,96.55,3572.35
Yes,72,Yes,Yes,Fiber optic,Yes,Yes,Two year,Yes,112.6,8107.2
Yes,1,No,No,DSL,Yes,No,Month-to-month,No,50.45,50.45
Yes,22,Yes,Yes,DSL,Yes,No,Month-to-month,No,61.15,1345.3
No,48,Yes,No,Fiber optic,Yes,Yes,Two year,Yes,102.5,4920.0
No,16,No,Yes,DSL,No,No,Month-to-month,Yes,39.0,624.0
No,7,No internet service,No internet service,No,No internet service,No internet service,Month-to-month,Yes,18.95,132.65
Yes,23,No,Yes,Fiber optic,Yes,No,Month-to-month,Yes,88.45,2034.3500000000001
Yes,66,No,Yes,Fiber optic,Yes,No,One year,Yes,104.9,6923.400000000001
No,7,No,No,Fiber optic,Yes,No,Month-to-month,No,74.65,522.5500000000001
No,3,No,No,Fiber optic,No,No,Month-to-month,Yes,79.4,238.20000000000002
No,65,Yes,Yes,Fiber optic,Yes,No,Month-to-month,Yes,111.05,7218.25
No,72,No,Yes,Fiber optic,Yes,Yes,Two year,Yes,108.1,7783.2
No,71,Yes,Yes,DSL,No,Yes,Two year,No,65.15,4625.650000000001
Yes,7,No,No,DSL,No,No,Month-to-month,Yes,45.75,320.25
No,22,No,No,Fiber optic,No,No,Month-to-month,Yes,74.4,1636.8000000000002
No,17,No,Yes,DSL,No,No,Month-to-month,Yes,49.8,846.5999999999999
No,58,No,No,Fiber optic,Yes,Yes,One year,Yes,104.65,6069.700000000001
Yes,2,No,Yes,DSL,No,No,Month-to-month,Yes,30.25,60.5
No,8,No,No,DSL,No,No,Month-to-month,Yes,54.75,438.0
No,14,No,No,Fiber optic,No,No,Month-to-month,Yes,74.3,1040.2
No,53,No internet service,No internet service,No,No internet service,No internet service,Two year,No,19.5,1033.5
No,59,Yes,Yes,Fiber optic,Yes,No,One year,Yes,110.15,6498.85
Yes,1,No internet service,No internet service,No,No internet service,No internet service,Month-to-month,Yes,20.25,20.25
No,52,No,Yes,DSL,No,Yes,Month-to-month,No,61.35,3190.2000000000003
Yes,19,No internet service,No internet service,No,No internet service,No internet service,One year,No,19.8,376.2
No,68,No,Yes,Fiber optic,No,No,Month-to-month,Yes,100.2,6813.6
No,72,Yes,Yes,DSL,No,No,Two year,No,59.75,4302.0
No,13,No,Yes,DSL,No,No,Month-to-month,No,29.15,378.95
No,33,No,No,Fiber optic,No,No,Month-to-month,Yes,70.4,2323.2000000000003
No,58,No internet service,No internet service,No,No internet service,No internet service,Two year,No,20.75,1203.5
No,49,No,Yes,Fiber optic,No,Yes,One year,Yes,106.65,5225.85
Yes,29,No internet service,No internet service,No,No internet service,No internet service,Two year,No,20.2,585.8
No,8,No,No,Fiber optic,No,No,Month-to-month,Yes,70.1,560.8
No,6,No,Yes,Fiber optic,No,No,Month-to-month,Yes,90.1,540.5999999999999
No,71,No,Yes,Fiber optic,Yes,Yes,Two year,Yes,105.25,7472.75
No,7,Yes,Yes,DSL,No,Yes,Month-to-month,Yes,78.5,549.5
No,65,No,Yes,Fiber optic,Yes,Yes,Month-to-month,Yes,109.15,7094.75
No,65,Yes,No,Fiber optic,No,Yes,One year,No,93.55,6080.75
No,9,Yes,No,DSL,Yes,Yes,Month-to-month,No,58.5,526.5
No,11,Yes,No,Fiber optic,Yes,No,Month-to-month,Yes,79.5,874.5
No,11,No internet service,No internet service,No,No internet service,No internet service,Month-to-month,No,19.95,219.45
No,62,Yes,Yes,Fiber optic,Yes,Yes,One year,Yes,115.05,7133.099999999999
No,36,No,Yes,Fiber optic,No,No,Month-to-month,Yes,96.5,3474.0
No,49,No,Yes,Fiber optic,No,No,Two year,Yes,94.8,4645.2
No,44,No internet service,No internet service,No,No internet service,No internet service,One year,No,19.5,858.0
Yes,11,No internet service,No internet service,No,No internet service,No internet service,One year,Yes,20.0,220.0
Yes,33,Yes,No,Fiber optic,Yes,No,One year,Yes,103.7,3422.1
No,66,No internet service,No internet service,No,No internet service,No internet service,Two year,No,19.35,1277.1000000000001
Yes,50,Yes,Yes,DSL,No,No,One year,Yes,43.05,2152.5
No,36,No,No,Fiber optic,No,No,Month-to-month,Yes,84.1,3027.6
Yes,71,Yes,Yes,DSL,Yes,Yes,Two year,No,90.4,6418.400000000001
No,1,No,No,DSL,No,No,Month-to-month,No,25.05,25.05
No,54,Yes,Yes,DSL,No,No,Two year,Yes,65.3,3526.2
Yes,50,Yes,Yes,DSL,Yes,Yes,One year,Yes,80.05,4002.5
No,10,No,Yes,DSL,No,Yes,One year,No,64.9,649.0
No,13,No,No,Fiber optic,No,No,Month-to-month,Yes,70.15,911.95
Yes,23,No internet service,No internet service,No,No internet service,No internet service,Two year,No,19.6,450.8
No,2,Yes,No,DSL,No,No,Month-to-month,No,50.95,101.9
No,64,No internet service,No internet service,No,No internet service,No internet service,Two year,No,19.55,1251.2
No,3,No internet service,No internet service,No,No internet service,No internet service,Month-to-month,No,19.85,59.550000000000004
No,6,Yes,Yes,DSL,No,No,Month-to-month,Yes,55.7,334.20000000000005
No,38,No,No,DSL,No,No,Month-to-month,Yes,24.85,944.3000000000001
No,25,Yes,Yes,Fiber optic,No,No,Month-to-month,Yes,79.85,1996.2499999999998
Yes,69,No internet service,No internet service,No,No internet service,No internet service,Two year,No,20.2,1393.8
No,26,Yes,Yes,DSL,No,No,Month-to-month,Yes,69.5,1807.0
Yes,13,Yes,Yes,DSL,No,No,Month-to-month,Yes,56.0,728.0
No,31,No,No,Fiber optic,No,No,Month-to-month,Yes,76.05,2357.5499999999997
Yes,17,Yes,No,Fiber optic,No,Yes,Month-to-month,No,91.85,1561.4499999999998
No,52,Yes,No,DSL,No,No,Month-to-month,Yes,39.9,2074.7999999999997
Yes,56,Yes,No,DSL,No,No,One year,No,65.2,3651.2000000000003
No,5,Yes,No,DSL,Yes,No,Month-to-month,Yes,55.8,279.0
No,2,No,Yes,DSL,No,No,Month-to-month,No,49.25,98.5
No,1,No,No,Fiber optic,No,No,Month-to-month,Yes,71.55,71.55
Yes,44,No,Yes,DSL,No,Yes,Month-to-month,Yes,54.9,2415.6
No,26,Yes,Yes,DSL,Yes,No,One year,No,47.85,1244.1000000000001
No,8,No,Yes,Fiber optic,No,No,Month-to-month,Yes,74.5,596.0
Yes,45,No,Yes,DSL,Yes,No,One year,No,78.75,3543.75
Yes,11,No,No,Fiber optic,Yes,No,Month-to-month,Yes,78.1,859.0999999999999
Yes,62,No,No,DSL,No,No,Month-to-month,Yes,70.45,4367.900000000001
Yes,53,No,No,DSL,Yes,No,One year,No,60.6,3211.8
Yes,61,No,Yes,Fiber optic,No,No,Month-to-month,Yes,99.15,6048.150000000001
No,19,No,No,Fiber optic,No,No,Month-to-month,Yes,78.7,1495.3
No,6,No,Yes,Fiber optic,No,No,Month-to-month,Yes,85.35,512.0999999999999
No,4,No,No,Fiber optic,Yes,No,Month-to-month,Yes,82.85,331.4
No,1,No,No,DSL,No,No,Month-to-month,Yes,24.4,24.4
No,1,No,No,DSL,No,No,Month-to-month,No,45.15,45.15
Yes,9,No internet service,No internet service,No,No internet service,No internet service,One year,No,20.1,180.9
No,20,No,No,Fiber optic,Yes,No,Month-to-month,Yes,98.55,1971.0
No,24,No,No,Fiber optic,Yes,No,Month-to-month,Yes,79.65,1911.6000000000001
No,12,No,No,Fiber optic,Yes,No,Month-to-month,Yes,100.15,1201.8000000000002
No,37,Yes,Yes,DSL,Yes,Yes,One year,Yes,90.6,3352.2
No,59,No,No,DSL,Yes,Yes,Month-to-month,Yes,64.65,3814.3500000000004
No,49,No,Yes,DSL,No,No,Two year,No,49.65,2432.85
No,51,No,Yes,DSL,No,No,Month-to-month,Yes,30.05,1532.55
Yes,24,Yes,Yes,DSL,No,Yes,Month-to-month,Yes,70.3,1687.1999999999998
No,67,Yes,Yes,Fiber optic,No,Yes,Two year,Yes,105.05,7038.349999999999
No,42,Yes,Yes,DSL,No,Yes,One year,Yes,67.7,2843.4
No,51,No,Yes,DSL,No,No,Month-to-month,Yes,49.65,2532.15
No,37,No,No,Fiber optic,Yes,Yes,Month-to-month,No,90.0,3330.0
No,1,No internet service,No internet service,No,No internet service,No internet service,Month-to-month,Yes,20.35,20.35
No,41,No internet service,No internet service,No,No internet service,No internet service,Two year,Yes,19.75,809.75
No,27,No,Yes,DSL,No,Yes,Month-to-month,Yes,53.8,1452.6
No,15,No,No,Fiber optic,Yes,Yes,Month-to-month,Yes,83.05,1245.75
No,51,No,No,Fiber optic,Yes,No,Month-to-month,No,80.0,4080.0
Yes,7,No internet service,No internet service,No,No internet service,No internet service,One year,No,20.65,144.54999999999998
No,8,No,Yes,Fiber optic,Yes,No,Month-to-month,Yes,105.5,844.0
Yes,41,Yes,Yes,DSL,Yes,Yes,Month-to-month,No,79.9,3275.9
No,71,Yes,Yes,Fiber optic,Yes,No,Two year,Yes,99.0,7029.0
No,61,No internet service,No internet service,No,No internet service,No internet service,Two year,No,24.4,1488.3999999999999
Yes,6,No,No,Fiber optic,Yes,No,Month-to-month,No,94.5,567.0
No,72,Yes,Yes,DSL,Yes,No,Two year,No,42.1,3031.2000000000003
Yes,9,No internet service,No internet service,No,No internet service,No internet service,Two year,No,19.75,177.75
Yes,66,Yes,Yes,DSL,Yes,Yes,One year,Yes,75.1,4956.599999999999
Yes,72,Yes,Yes,Fiber optic,Yes,Yes,Two year,Yes,116.85,8413.199999999999
Yes,2,No,No,Fiber optic,No,No,Month-to-month,Yes,71.65,143.3
No,1,No,No,Fiber optic,No,No,Month-to-month,Yes,70.1,70.1
No,1,No,No,Fiber optic,No,No,Month-to-month,Yes,69.9,69.9
No,71,No,Yes,Fiber optic,Yes,Yes,Two year,Yes,95.5,6780.5
No,72,No,Yes,Fiber optic,Yes,Yes,Two year,Yes,111.6,8035.2
No,32,No internet service,No internet service,No,No internet service,No internet service,Two year,Yes,20.05,641.6
No,44,Yes,No,DSL,No,Yes,One year,No,65.4,2877.6000000000004
No,6,No,No,Fiber optic,No,No,Month-to-month,Yes,80.5,483.0
No,15,No,No,Fiber optic,Yes,No,Month-to-month,Yes,94.0,1410.0
Yes,9,Yes,Yes,DSL,Yes,Yes,Month-to-month,No,65.0,585.0
No,20,No,No,Fiber optic,No,Yes,Month-to-month,Yes,98.55,1971.0
No,10,Yes,No,Fiber optic,No,No,Month-to-month,Yes,98.7,987.0
No,58,No,No,Fiber optic,Yes,No,Month-to-month,Yes,98.7,5724.6
Yes,10,No,Yes,DSL,No,Yes,Month-to-month,Yes,65.5,655.0
No,58,Yes,Yes,DSL,No,No,One year,Yes,45.35,2630.3
No,15,No internet service,No internet service,No,No internet service,No internet service,One year,No,19.8,297.0
No,10,No,No,Fiber optic,No,No,Month-to-month,Yes,79.25,792.5
No,1,No,No,DSL,No,No,Month-to-month,Yes,43.85,43.85
No,18,No,No,DSL,No,No,Month-to-month,No,25.15,452.7
No,30,No,No,Fiber optic,No,No,Month-to-month,Yes,90.25,2707.5
Yes,55,No internet service,No internet service,No,No internet service,No internet service,Two year,No,19.4,1067.0
No,16,No,No,Fiber optic,No,No,Month-to-month,Yes,75.4,1206.4
No,18,No,No,Fiber optic,Yes,Yes,Month-to-month,No,93.9,1690.2
No,1,Yes,No,Fiber optic,No,No,Month-to-month,Yes,81.7,81.7
No,5,No,No,Fiber optic,Yes,No,Month-to-month,Yes,94.45,472.25
No,34,No,No,Fiber optic,No,No,Month-to-month,Yes,97.65,3320.1000000000004
Yes,69,Yes,No,DSL,Yes,Yes,Two year,No,86.9,5996.1
Yes,72,Yes,Yes,DSL,Yes,Yes,Two year,No,64.45,4640.400000000001
No,27,No,Yes,Fiber optic,Yes,No,Month-to-month,Yes,86.45,2334.15
Yes,8,No,No,Fiber optic,Yes,No,Month-to-month,Yes,94.2,753.6
No,63,Yes,No,DSL,No,Yes,One year,No,36.1,2274.3
No,11,Yes,No,Fiber optic,No,Yes,Month-to-month,Yes,96.2,1058.2
Yes,29,Yes,No,DSL,No,No,Month-to-month,Yes,60.2,1745.8000000000002
No,65,No internet service,No internet service,No,No internet service,No internet service,Two year,Yes,19.55,1270.75
No,70,Yes,No,DSL,Yes,Yes,Two year,No,79.6,5572.0
No,18,No,No,Fiber optic,Yes,No,Month-to-month,Yes,95.95,1727.1000000000001
Yes,71,No internet service,No internet service,No,No internet service,No internet service,Two year,No,20.5,1455.5
No,37,Yes,Yes,DSL,No,Yes,Two year,Yes,40.55,1500.35
No,45,Yes,No,DSL,Yes,No,Two year,No,53.3,2398.5
Yes,71,Yes,Yes,Fiber optic,Yes,No,One year,Yes,86.7,6155.7
No,52,Yes,Yes,DSL,No,No,One year,Yes,75.4,3920.8
No,18,Yes,No,DSL,Yes,No,Month-to-month,No,69.5,1251.0
No,25,No,No,DSL,No,No,Month-to-month,Yes,34.0,850.0
No,1,No,No,Fiber optic,No,No,Month-to-month,No,85.8,85.8
No,67,No internet service,No internet service,No,No internet service,No internet service,Two year,No,24.85,1664.95
No,53,Yes,Yes,DSL,No,No,Month-to-month,Yes,46.3,2453.8999999999996
No,38,No,No,Fiber optic,Yes,Yes,One year,No,95.0,3610.0
Yes,21,No internet service,No internet service,No,No internet service,No internet service,Month-to-month,No,20.75,435.75
No,6,No,No,DSL,No,No,Month-to-month,No,45.65,273.9
Yes,1,No,No,Fiber optic,No,No,Month-to-month,Yes,68.5,68.5
Yes,36,No internet service,No internet service,No,No internet service,No internet service,Two year,No,20.25,729.0
No,9,Yes,No,Fiber optic,No,No,Month-to-month,Yes,74.25,668.25
No,33,No,No,Fiber optic,No,No,Month-to-month,No,91.25,3011.25
Yes,12,No internet service,No internet service,No,No internet service,No internet service,Month-to-month,Yes,20.1,241.20000000000002
No,45,No,No,Fiber optic,Yes,No,Month-to-month,Yes,89.3,4018.5
No,62,Yes,No,Fiber optic,Yes,Yes,One year,Yes,104.3,6466.599999999999
No,50,No internet service,No internet service,No,No internet service,No internet service,One year,No,20.15,1007.4999999999999
No,49,No,No,Fiber optic,Yes,Yes,One year,Yes,99.25,4863.25
No,2,No,No,DSL,Yes,No,Month-to-month,No,60.85,121.7
No,72,Yes,Yes,DSL,Yes,No,Two year,Yes,84.1,6055.2
No,71,No,Yes,Fiber optic,No,No,Month-to-month,Yes,99.65,7075.150000000001
No,64,No,Yes,Fiber optic,No,Yes,Two year,Yes,105.25,6736.0
No,18,Yes,No,Fiber optic,No,No,Month-to-month,Yes,99.4,1789.2
No,4,No internet service,No internet service,No,No internet service,No internet service,Month-to-month,No,19.4,77.6
No,53,No internet service,No internet service,No,No internet service,No internet service,Two year,No,20.25,1073.25
No,16,No,No,Fiber optic,No,Yes,Month-to-month,Yes,74.55,1192.8
No,33,No,Yes,Fiber optic,Yes,No,Month-to-month,No,107.55,3549.15
No,13,No,No,DSL,No,No,Month-to-month,Yes,25.15,326.95
No,23,No internet service,No internet service,No,No internet service,No internet service,One year,No,24.8,570.4
No,20,No,No,Fiber optic,Yes,Yes,Month-to-month,Yes,81.0,1620.0
Yes,41,Yes,Yes,Fiber optic,Yes,Yes,Two year,Yes,111.15,4557.150000000001
No,7,No internet service,No internet service,No,No internet service,No internet service,One year,No,19.9,139.29999999999998
No,50,No internet service,No internet service,No,No internet service,No internet service,One year,Yes,19.35,967.5000000000001
Yes,12,No internet service,No internet service,No,No internet service,No internet service,Month-to-month,Yes,21.15,253.79999999999998
Yes,44,No,No,Fiber optic,Yes,No,Month-to-month,Yes,92.95,4089.8
Yes,53,No,Yes,Fiber optic,Yes,No,One year,Yes,105.25,5578.25
No,14,No,No,Fiber optic,No,No,Month-to-month,Yes,78.1,1093.3999999999999
Yes,35,No,No,Fiber optic,Yes,No,One year,Yes,85.15,2980.25
No,6,No,No,Fiber optic,Yes,Yes,Month-to-month,Yes,99.95,599.7
Yes,58,No,Yes,DSL,No,No,Month-to-month,Yes,66.8,3874.3999999999996
No,56,No,No,Fiber optic,Yes,Yes,Two year,No,103.2,5779.2
No,2,No,No,Fiber optic,Yes,No,Month-to-month,No,79.2,158.4
Yes,61,No internet service,No internet service,No,No internet service,No internet service,Month-to-month,Yes,19.4,1183.3999999999999
No,1,No internet service,No internet service,No,No internet service,No internet service,Month-to-month,No,20.05,20.05
Yes,6,No,Yes,DSL,Yes,No,Month-to-month,Yes,55.3,331.79999999999995
No,5,No,No,DSL,Yes,Yes,Month-to-month,No,75.15,375.75
Yes,37,No internet service,No internet service,No,No internet service,No internet service,Month-to-month,No,19.35,715.95
No,21,No internet service,No internet service,No,No internet service,No internet service,Month-to-month,No,20.0,420.0
Yes,31,Yes,No,DSL,Yes,Yes,One year,No,59.95,1858.45
No,5,No,No,DSL,Yes,Yes,Month-to-month,No,67.95,339.75
Yes,35,No internet service,No internet service,No,No internet service,No internet service,One year,Yes,20.1,703.5
Yes,63,Yes,Yes,DSL,Yes,No,Two year,No,59.0,3717.0
No,1,No internet service,No internet service,No,No internet service,No internet service,Month-to-month,No,18.85,18.85
No,12,No internet service,No internet service,No,No internet service,No internet service,One year,No,19.3,231.60000000000002
No,31,No internet service,No internet service,No,No internet service,No internet service,One year,No,20.95,649.4499999999999
Yes,37,Yes,No,DSL,Yes,Yes,Two year,Yes,62.8,2323.6
Yes,20,No internet service,No internet service,No,No internet service,No internet service,Month-to-month,Yes,25.55,511.0
No,62,No internet service,No internet service,No,No internet service,No internet service,Two year,No,23.65,1466.3
No,2,Yes,No,Fiber optic,No,No,Month-to-month,No,90.75,181.5
Yes,34,No internet service,No internet service,No,No internet service,No internet service,Month-to-month,No,20.65,702.0999999999999
No,54,Yes,Yes,DSL,No,Yes,Month-to-month,Yes,69.9,3774.6000000000004
No,17,No,No,Fiber optic,No,No,Month-to-month,No,70.5,1198.5
Yes,72,No internet service,No internet service,No,No internet service,No internet service,Two year,Yes,20.7,1490.3999999999999
No,31,Yes,Yes,Fiber optic,No,No,Month-to-month,No,104.35,3234.85
Yes,52,No internet service,No internet service,No,No internet service,No internet service,Two year,Yes,25.05,1302.6000000000001
No,59,Yes,Yes,Fiber optic,Yes,Yes,One year,Yes,94.05,5548.95
Yes,71,Yes,Yes,DSL,Yes,Yes,Two year,No,87.25,6194.75
Yes,71,No internet service,No internet service,No,No internet service,No internet service,Two year,No,19.85,1409.3500000000001
No,72,No,No,Fiber optic,Yes,No,Two year,Yes,97.85,7045.2
Yes,17,No internet service,No internet service,No,No internet service,No internet service,Month-to-month,No,24.1,409.70000000000005
No,66,No internet service,No internet service,No,No internet service,No internet service,Two year,No,19.7,1300.2
No,1,No,No,DSL,No,No,Month-to-month,No,50.75,50.75
Yes,13,No internet service,No internet service,No,No internet service,No internet service,One year,No,20.0,260.0
Yes,72,No,No,Fiber optic,Yes,No,Two year,Yes,90.8,6537.599999999999
No,15,No,No,Fiber optic,Yes,No,Month-to-month,Yes,84.3,1264.5
No,51,No internet service,No internet service,No,No internet service,No internet service,Two year,No,20.65,1053.1499999999999
No,3,No,No,Fiber optic,No,No,Month-to-month,Yes,76.95,230.85000000000002
No,42,No,Yes,Fiber optic,Yes,Yes,Month-to-month,Yes,103.8,4359.599999999999
No,67,No,No,DSL,Yes,Yes,Month-to-month,Yes,53.4,3577.7999999999997
No,3,No internet service,No internet service,No,No internet service,No internet service,One year,No,19.6,58.800000000000004
No,1,No,No,Fiber optic,No,No,Month-to-month,No,71.35,71.35
Yes,70,No,Yes,DSL,Yes,Yes,One year,Yes,58.4,4088.0
No,3,No,No,DSL,Yes,No,One year,Yes,69.95,209.85000000000002
No,18,No internet service,No internet service,No,No internet service,No internet service,Month-to-month,No,19.0,342.0
No,5,Yes,Yes,Fiber optic,No,No,Month-to-month,No,80.7,403.5
Yes,43,No internet service,No internet service,No,No internet service,No internet service,Two year,No,24.25,1042.75
No,13,No,No,Fiber optic,Yes,No,Month-to-month,Yes,96.85,1259.05
Yes,2,No,No,DSL,No,No,Month-to-month,Yes,24.4,48.8
Yes,64,Yes,Yes,Fiber optic,No,Yes,Two year,No,110.3,7059.2
Yes,26,Yes,Yes,DSL,No,Yes,Month-to-month,No,38.85,1010.1
No,65,No,Yes,Fiber optic,No,Yes,One year,Yes,105.05,6828.25
Yes,71,Yes,No,Fiber optic,Yes,No,Two year,No,106.7,7575.7
No,36,No,No,Fiber optic,No,No,Month-to-month,Yes,84.9,3056.4
Yes,25,No,Yes,Fiber optic,Yes,No,Month-to-month,Yes,89.15,2228.75
No,5,No,No,Fiber optic,No,No,Month-to-month,Yes,91.4,457.0
No,18,Yes,No,DSL,No,No,Month-to-month,No,49.4,889.1999999999999
Yes,48,No internet service,No internet service,No,No internet service,No internet service,Two year,No,26.3,1262.4
No,6,No,No,Fiber optic,No,No,Month-to-month,Yes,73.85,443.09999999999997
No,49,Yes,No,Fiber optic,No,No,Month-to-month,Yes,100.85,4941.65
No,55,Yes,Yes,DSL,No,Yes,One year,Yes,66.05,3632.75
No,47,No,Yes,Fiber optic,Yes,No,Month-to-month,Yes,83.35,3917.45
No,71,No internet service,No internet service,No,No internet service,No internet service,Two year,No,24.55,1743.05
Yes,2,No,Yes,DSL,No,No,Month-to-month,No,51.55,103.1
No,70,Yes,Yes,Fiber optic,Yes,No,Two year,Yes,99.35,6954.5
No,37,Yes,Yes,DSL,Yes,Yes,One year,No,67.45,2495.65
No,65,No,Yes,Fiber optic,Yes,Yes,Two year,Yes,107.65,6997.25
Yes,13,No,No,Fiber optic,No,No,Month-to-month,Yes,78.3,1017.9
No,23,No internet service,No internet service,No,No internet service,No internet service,One year,No,20.15,463.45
No,49,Yes,Yes,Fiber optic,Yes,Yes,Two year,No,106.65,5225.85
Yes,1,No,Yes,DSL,No,No,Month-to-month,Yes,49.9,49.9
No,60,No,Yes,Fiber optic,Yes,No,One year,No,102.5,6150.0
Yes,61,Yes,Yes,Fiber optic,Yes,No,One year,Yes,100.7,6142.7
Yes,39,Yes,No,DSL,Yes,Yes,One year,No,80.0,3120.0
No,18,No,No,Fiber optic,No,No,Month-to-month,Yes,94.75,1705.5
No,22,Yes,Yes,DSL,Yes,No,Month-to-month,No,65.05,1431.1
Yes,17,Yes,No,DSL,No,Yes,One year,Yes,62.1,1055.7
No,4,No,No,Fiber optic,No,No,Month-to-month,No,70.4,281.6
Yes,59,No,No,DSL,Yes,Yes,Two year,Yes,72.1,4253.9
Yes,20,No internet service,No internet service,No,No internet service,No internet service,One year,No,19.7,394.0
No,60,No,Yes,DSL,Yes,Yes,Two year,No,60.8,3648.0
No,57,No,No,DSL,Yes,Yes,Two year,No,53.35,3040.9500000000003
No,72,No internet service,No internet service,No,No internet service,No internet service,Two year,No,24.75,1782.0
No,2,No,No,DSL,No,No,Month-to-month,No,44.65,89.3
Yes,64,No internet service,No internet service,No,No internet service,No internet service,Two year,Yes,24.4,1561.6
No,21,No,No,Fiber optic,No,No,Month-to-month,Yes,69.1,1451.1
Yes,3,No,No,Fiber optic,No,No,Month-to-month,Yes,84.75,254.25
No,43,No internet service,No internet service,No,No internet service,No internet service,Two year,Yes,19.65,844.9499999999999
No,12,No,No,Fiber optic,No,No,Month-to-month,No,94.55,1134.6
Yes,10,No,No,Fiber optic,No,No,Month-to-month,No,85.95,859.5
Yes,23,No internet service,No internet service,No,No internet service,No internet service,Two year,Yes,25.6,588.8000000000001
Yes,17,No,No,Fiber optic,Yes,No,Month-to-month,No,88.25,1500.25
Yes,72,No internet service,No internet service,No,No internet service,No internet service,Two year,No,25.1,1807.2
No,66,Yes,Yes,DSL,Yes,Yes,Two year,Yes,90.05,5943.3
No,69,No,Yes,Fiber optic,Yes,No,Month-to-month,Yes,85.4,5892.6
No,68,No internet service,No internet service,No,No internet service,No internet service,Two year,Yes,24.15,1642.1999999999998
No,38,No,No,Fiber optic,No,No,Month-to-month,Yes,69.5,2641.0
No,10,No internet service,No internet service,No,No internet service,No internet service,Month-to-month,Yes,21.2,212.0
No,41,No internet service,No internet service,No,No internet service,No internet service,Two year,Yes,19.85,813.85
No,33,No,Yes,Fiber optic,Yes,No,Month-to-month,Yes,93.35,3080.5499999999997
No,22,No internet service,No internet service,No,No internet service,No internet service,One year,No,19.6,431.20000000000005
No,1,No,No,DSL,No,No,Month-to-month,Yes,54.75,54.75
Yes,42,Yes,Yes,DSL,No,No,Month-to-month,Yes,69.4,2914.8
Yes,72,Yes,Yes,Fiber optic,Yes,Yes,Two year,No,107.45,7736.400000000001
No,4,No,No,Fiber optic,No,No,Month-to-month,Yes,80.35,321.4
No,31,No,No,Fiber optic,No,Yes,Month-to-month,Yes,79.85,2475.35
No,32,No,No,Fiber optic,No,No,Month-to-month,Yes,79.5,2544.0
No,39,Yes,Yes,Fiber optic,No,No,Month-to-month,Yes,106.4,4149.6
No,9,No internet service,No internet service,No,No internet service,No internet service,Month-to-month,No,19.5,175.5
No,6,No,No,DSL,Yes,No,Month-to-month,No,60.9,365.4
No,3,No,Yes,DSL,No,No,Month-to-month,No,29.8,89.4
No,14,No,Yes,DSL,No,No,Month-to-month,Yes,55.5,777.0
No,1,No,No,Fiber optic,Yes,No,Month-to-month,Yes,88.8,88.8
Yes,1,No,No,DSL,No,No,Month-to-month,No,44.0,44.0
Yes,68,No,Yes,DSL,Yes,Yes,Two year,No,60.3,4100.4
No,13,Yes,No,DSL,No,Yes,One year,No,55.15,716.9499999999999
No,1,Yes,No,DSL,No,No,Month-to-month,No,49.55,49.55
No,27,No,No,Fiber optic,No,No,Month-to-month,Yes,95.6,2581.2
No,65,Yes,Yes,Fiber optic,No,No,Two year,Yes,92.7,6025.5
No,37,No internet service,No internet service,No,No internet service,No internet service,One year,No,20.15,745.55
No,2,No,No,Fiber optic,Yes,No,Month-to-month,Yes,91.4,182.8
Yes,53,Yes,Yes,DSL,No,Yes,Two year,Yes,69.7,3694.1000000000004
Yes,68,No,No,Fiber optic,No,No,One year,Yes,83.0,5644.0
No,15,Yes,No,Fiber optic,No,No,Month-to-month,Yes,87.75,1316.25
No,14,No,Yes,Fiber optic,No,No,Month-to-month,Yes,100.55,1407.7
No,41,No,Yes,Fiber optic,No,Yes,Two year,Yes,99.65,4085.65
No,26,No,No,Fiber optic,No,No,Month-to-month,Yes,93.6,2433.6
Yes,24,No internet service,No internet service,No,No internet service,No internet service,One year,No,20.25,486.0
No,72,Yes,Yes,Fiber optic,Yes,Yes,Two year,No,115.8,8337.6
Yes,53,Yes,Yes,DSL,No,Yes,One year,No,62.85,3331.05
No,19,No,No,Fiber optic,Yes,Yes,Month-to-month,No,89.95,1709.05
No,70,Yes,Yes,Fiber optic,Yes,Yes,Two year,Yes,114.95,8046.5
No,70,No internet service,No internet service,No,No internet service,No internet service,Two year,No,24.25,1697.5
No,31,Yes,No,Fiber optic,Yes,No,Month-to-month,Yes,84.75,2627.25
Yes,66,No,No,DSL,Yes,Yes,Two year,No,54.65,3606.9
No,69,No,Yes,Fiber optic,No,Yes,One year,Yes,105.2,7258.8
No,6,No,No,Fiber optic,No,Yes,Month-to-month,Yes,87.95,527.7
No,20,No internet service,No internet service,No,No internet service,No internet service,One year,No,19.5,390.0
No,34,No internet service,No internet service,No,No internet service,No internet service,Month-to-month,No,19.7,669.8
No,31,No,No,Fiber optic,No,No,Month-to-month,Yes,84.85,2630.35
No,33,No,Yes,Fiber optic,No,No,Month-to-month,Yes,80.6,2659.7999999999997
No,32,Yes,No,Fiber optic,Yes,Yes,One year,Yes,109.55,3505.6
Yes,45,No,Yes,DSL,No,Yes,One year,Yes,54.15,2436.75
No,26,No,No,DSL,No,Yes,Month-to-month,Yes,66.05,1717.3
No,12,No internet service,No internet service,No,No internet service,No internet service,One year,No,19.8,237.60000000000002
No,60,Yes,No,DSL,Yes,No,Two year,No,53.6,3216.0
Yes,28,No internet service,No internet service,No,No internet service,No internet service,Month-to-month,No,20.25,567.0
No,49,No internet service,No internet service,No,No internet service,No internet service,One year,No,20.45,1002.05
No,26,No,No,DSL,Yes,Yes,Month-to-month,Yes,44.45,1155.7
No,66,No,Yes,Fiber optic,Yes,No,Month-to-month,Yes,105.0,6930.0
No,72,Yes,Yes,Fiber optic,Yes,Yes,Two year,No,115.15,8290.800000000001
No,36,No,Yes,DSL,No,Yes,One year,Yes,70.7,2545.2000000000003
Yes,58,Yes,No,DSL,Yes,Yes,Two year,No,59.75,3465.5
No,34,No,No,DSL,No,Yes,Month-to-month,No,50.2,1706.8000000000002
Yes,32,No,No,Fiber optic,Yes,No,Month-to-month,Yes,91.35,2923.2
No,19,No,No,DSL,Yes,Yes,Month-to-month,No,59.55,1131.45
No,3,No internet service,No internet service,No,No internet service,No internet service,Month-to-month,Yes,20.5,61.5
Yes,62,No,Yes,Fiber optic,Yes,No,Month-to-month,Yes,96.1,5958.2
No,12,Yes,No,DSL,Yes,Yes,Two year,No,49.85,598.2
Yes,72,Yes,No,DSL,Yes,Yes,Two year,Yes,84.2,6062.400000000001
Yes,68,Yes,Yes,DSL,Yes,No,One year,Yes,73.0,4964.0
No,65,Yes,Yes,Fiber optic,Yes,No,Month-to-month,Yes,109.4,7111.0
No,61,Yes,No,DSL,Yes,Yes,Two year,No,86.45,5273.45
No,20,No,Yes,DSL,No,Yes,Month-to-month,Yes,68.9,1378.0
No,26,No,No,Fiber optic,No,No,Month-to-month,Yes,83.95,2182.7000000000003
Yes,9,No,Yes,Fiber optic,Yes,No,Month-to-month,Yes,102.6,923.4
No,36,Yes,No,DSL,Yes,Yes,Month-to-month,Yes,79.2,2851.2000000000003
No,32,No,No,Fiber optic,Yes,No,Month-to-month,Yes,101.35,3243.2
No,27,No,No,Fiber optic,No,No,Month-to-month,Yes,69.05,1864.35
No,53,No,Yes,Fiber optic,No,No,Month-to-month,Yes,73.8,3911.3999999999996
Yes,35,No internet service,No internet service,No,No internet service,No internet service,One year,No,20.05,701.75
Yes,65,Yes,Yes,DSL,Yes,No,One year,No,61.35,3987.75
Yes,29,No,No,Fiber optic,No,No,Month-to-month,Yes,87.8,2546.2
No,66,No,No,Fiber optic,Yes,Yes,One year,Yes,105.95,6992.7
No,66,Yes,Yes,DSL,Yes,No,Two year,Yes,61.15,4035.9
No,8,No,No,Fiber optic,Yes,No,Month-to-month,Yes,94.45,755.6
No,47,No,Yes,DSL,No,No,Month-to-month,Yes,58.6,2754.2000000000003
No,25,Yes,Yes,DSL,Yes,Yes,One year,No,74.3,1857.5
Yes,20,No internet service,No internet service,No,No internet service,No internet service,Two year,No,20.05,401.0
No,1,No,No,Fiber optic,No,No,Month-to-month,Yes,89.1,89.1
No,16,No,Yes,Fiber optic,No,No,Month-to-month,Yes,86.25,1380.0
Yes,68,No,Yes,Fiber optic,Yes,Yes,One year,No,105.75,7191.0
No,35,No,No,DSL,Yes,Yes,One year,Yes,73.0,2555.0
No,69,No,Yes,Fiber optic,Yes,Yes,Two year,Yes,110.5,7624.5
Yes,7,Yes,No,DSL,Yes,Yes,Two year,No,49.65,347.55
No,26,No internet service,No internet service,No,No internet service,No internet service,One year,Yes,20.65,536.9
No,2,Yes,No,Fiber optic,Yes,No,Month-to-month,Yes,80.45,160.9
Yes,62,Yes,Yes,DSL,No,Yes,Two year,No,48.7,3019.4
Yes,24,Yes,No,DSL,No,Yes,Month-to-month,No,55.15,1323.6
No,72,No internet service,No internet service,No,No internet service,No internet service,Two year,No,19.4,1396.8
No,47,Yes,Yes,DSL,No,Yes,One year,Yes,58.9,2768.2999999999997
No,22,No,Yes,DSL,No,No,Month-to-month,Yes,50.35,1107.7
Yes,53,No internet service,No internet service,No,No internet service,No internet service,Two year,No,25.55,1354.15
No,44,No internet service,No internet service,No,No internet service,No internet service,Two year,No,20.4,897.5999999999999
No,43,No internet service,No internet service,No,No internet service,No internet service,Two year,No,26.45,1137.35
Yes,17,No,No,DSL,Yes,No,One year,Yes,55.85,949.45
Yes,67,Yes,No,DSL,Yes,Yes,Two year,Yes,60.4,4046.7999999999997
No,71,Yes,Yes,DSL,Yes,Yes,One year,Yes,84.8,6020.8
Yes,15,No internet service,No internet service,No,No internet service,No internet service,One year,No,19.65,294.75
No,13,No,No,Fiber optic,No,No,Month-to-month,Yes,80.85,1051.05
Yes,14,No,No,DSL,Yes,No,Month-to-month,Yes,59.8,837.1999999999999
Yes,46,No,Yes,Fiber optic,Yes,No,Month-to-month,Yes,99.8,4590.8
No,27,No,No,Fiber optic,Yes,No,Month-to-month,Yes,81.3,2195.1
Yes,72,Yes,No,DSL,Yes,Yes,Two year,Yes,80.45,5792.400000000001
No,23,No,No,Fiber optic,Yes,No,Month-to-month,Yes,81.0,1863.0
No,45,No,No,Fiber optic,Yes,No,One year,Yes,102.15,4596.75
No,22,Yes,No,DSL,No,Yes,Month-to-month,Yes,54.2,1192.4
No,2,No,No,Fiber optic,No,No,Month-to-month,Yes,93.85,187.7
No,70,Yes,Yes,Fiber optic,Yes,Yes,One year,No,115.65,8095.5
No,1,No internet service,No internet service,No,No internet service,No internet service,Month-to-month,No,20.2,20.2
No,13,No internet service,No internet service,No,No internet service,No internet service,Two year,No,19.95,259.34999999999997
Yes,57,No,No,Fiber optic,No,No,Month-to-month,Yes,74.3,4235.099999999999
No,7,No,No,Fiber optic,No,No,Month-to-month,Yes,69.35,485.44999999999993
No,11,No internet service,No internet service,No,No internet service,No internet service,Two year,No,20.4,224.39999999999998
No,1,Yes,No,DSL,Yes,No,Month-to-month,Yes,55.8,55.8
No,71,Yes,Yes,DSL,Yes,Yes,Two year,No,89.85,6379.349999999999
No,22,No,No,Fiber optic,No,Yes,Month-to-month,Yes,90.5,1991.0
Yes,8,No,No,Fiber optic,No,No,Month-to-month,Yes,80.45,643.6
No,43,No,Yes,Fiber optic,Yes,No,Month-to-month,Yes,91.65,3940.9500000000003
No,24,Yes,No,DSL,No,Yes,Month-to-month,No,53.6,1286.4
No,15,No,No,Fiber optic,No,No,Month-to-month,Yes,68.6,1029.0
Yes,69,No,No,Fiber optic,No,Yes,Two year,Yes,99.35,6855.15
Yes,53,No,Yes,Fiber optic,Yes,Yes,Month-to-month,Yes,108.25,5737.25
No,16,No internet service,No internet service,No,No internet service,No internet service,One year,No,20.1,321.6
Yes,51,Yes,Yes,DSL,No,Yes,Two year,No,60.5,3085.5
No,72,Yes,Yes,Fiber optic,Yes,Yes,Two year,Yes,114.65,8254.800000000001
No,2,No,No,Fiber optic,No,Yes,Month-to-month,Yes,94.2,188.4
No,1,No,No,DSL,No,No,Month-to-month,No,44.0,44.0
No,17,Yes,Yes,DSL,No,No,One year,No,56.1,953.7
No,9,No,No,DSL,No,No,Month-to-month,Yes,34.7,312.3
No,65,No,No,Fiber optic,No,No,One year,Yes,70.95,4611.75
No,21,No internet service,No internet service,No,No internet service,No internet service,One year,Yes,20.35,427.35
Yes,12,No,No,Fiber optic,No,No,Month-to-month,Yes,73.75,885.0
No,25,No internet service,No internet service,No,No internet service,No internet service,One year,No,25.3,632.5
No,69,Yes,Yes,DSL,No,Yes,Two year,Yes,60.05,4143.45
No,3,No,No,Fiber optic,No,No,Month-to-month,Yes,94.85,284.54999999999995
No,71,No internet service,No internet service,No,No internet service,No internet service,Two year,Yes,24.4,1732.3999999999999
No,68,Yes,Yes,DSL,Yes,Yes,Two year,Yes,91.7,6235.6
Yes,43,Yes,Yes,Fiber optic,No,Yes,One year,Yes,106.0,4558.0
No,1,No,No,DSL,No,No,Month-to-month,No,35.0,35.0
Yes,72,Yes,Yes,Fiber optic,Yes,Yes,Two year,Yes,114.95,8276.4
No,71,Yes,Yes,DSL,Yes,Yes,Two year,No,77.35,5491.849999999999
No,54,Yes,Yes,DSL,No,No,Two year,Yes,74.55,4025.7
Yes,42,No,No,DSL,Yes,Yes,One year,No,73.15,3072.3
No,26,No,Yes,DSL,Yes,No,Month-to-month,Yes,54.75,1423.5
Yes,47,Yes,Yes,DSL,Yes,No,Two year,Yes,60.0,2820.0
No,72,Yes,Yes,Fiber optic,Yes,No,Two year,Yes,112.4,8092.8
No,45,Yes,Yes,Fiber optic,No,No,One year,No,96.75,4353.75
Yes,72,Yes,Yes,Fiber optic,Yes,Yes,Two year,No,103.95,7484.400000000001
No,56,Yes,No,Fiber optic,No,No,One year,Yes,100.55,5630.8
No,16,No,Yes,Fiber optic,No,No,Month-to-month,No,75.1,1201.6
No,6,No,No,Fiber optic,No,No,Month-to-month,Yes,84.35,506.09999999999997
Yes,30,No,No,Fiber optic,Yes,No,One year,No,86.45,2593.5
Yes,44,No internet service,No internet service,No,No internet service,No internet service,One year,No,20.6,906.4000000000001
Yes,46,No internet service,No internet service,No,No internet service,No internet service,One year,No,24.9,1145.3999999999999
No,3,No,No,Fiber optic,Yes,No,Month-to-month,No,75.05,225.14999999999998
No,50,Yes,No,Fiber optic,Yes,No,Two year,Yes,105.05,5252.5
Yes,11,No internet service,No internet service,No,No internet service,No internet service,Month-to-month,No,19.7,216.7
No,34,Yes,No,DSL,No,Yes,Month-to-month,Yes,60.85,2068.9
Yes,53,Yes,Yes,Fiber optic,Yes,Yes,Two year,Yes,104.05,5514.65
Yes,18,Yes,Yes,DSL,No,Yes,One year,Yes,61.5,1107.0
No,15,No,No,DSL,Yes,No,Month-to-month,Yes,59.45,891.75
No,56,Yes,Yes,DSL,No,Yes,One year,Yes,64.65,3620.4000000000005
No,42,No,Yes,Fiber optic,Yes,Yes,Month-to-month,Yes,99.45,4176.900000000001
No,1,No internet service,No internet service,No,No internet service,No internet service,Month-to-month,No,19.3,19.3
No,49,No,No,Fiber optic,Yes,Yes,Two year,No,100.65,4931.85
Yes,23,No,No,DSL,No,Yes,One year,Yes,49.45,1137.3500000000001
No,28,No,No,Fiber optic,Yes,Yes,Month-to-month,No,91.0,2548.0
No,1,No internet service,No internet service,No,No internet service,No internet service,Month-to-month,No,19.55,19.55
No,20,No internet service,No internet service,No,No internet service,No internet service,Two year,Yes,19.7,394.0
No,1,No,No,Fiber optic,No,No,Month-to-month,Yes,70.1,70.1
No,17,No internet service,No internet service,No,No internet service,No internet service,Month-to-month,No,19.7,334.9
No,30,No,Yes,Fiber optic,No,No,Month-to-month,Yes,100.2,3006.0
No,56,Yes,No,DSL,Yes,No,One year,No,52.7,2951.2000000000003
Yes,47,No internet service,No internet service,No,No internet service,No internet service,One year,No,20.55,965.85
No,1,No,No,DSL,No,No,Month-to-month,Yes,45.85,45.85
No,2,No,No,Fiber optic,Yes,Yes,Month-to-month,Yes,79.85,159.7
No,36,No,No,Fiber optic,No,No,Month-to-month,Yes,84.75,3051.0
No,1,No,No,DSL,No,No,Month-to-month,No,44.7,44.7
Yes,67,Yes,No,DSL,No,Yes,Two year,No,35.7,2391.9
